{"stats":{"minecraft:killed":{"hordes:zombie_player":5,"alexsmobs:raccoon":2,"minecraft:spider":2,"minecraft:phantom":5,"minecraft:skeleton":33,"alexsmobs:orca":1,"minecraft:guardian":2,"alexsmobs:centipede_head":1,"minecraft:drowned":1,"alexsmobs:seal":3,"minecraft:creeper":5,"minecraft:sheep":11,"minecraft:zombie":81},"minecraft:used":{"minecraft:iron_shovel":161,"minecraft:spruce_planks":1097,"minecraft:chest":9,"minecraft:shield":32,"minecraft:iron_sword":656,"minecraft:torch":330,"minecraft:dirt":144,"minecraft:cyan_terracotta":2,"minecraft:iron_axe":864,"minecraft:birch_sapling":1,"minecraft:sweet_berries":1,"comforts:sleeping_bag_white":4,"minecraft:cooked_beef":31,"minecraft:cobbled_deepslate":14,"max_armory:diamond_long_sword":11,"minecraft:enchanted_golden_apple":4,"minecraft:water_bucket":21,"table_top_craft:chess_piece_figure":1,"minecraft:blue_bed":2,"minecraft:spruce_fence_gate":4,"minecraft:golden_apple":51,"minecraft:mossy_cobblestone":1,"minecraft:crafting_table":8,"minecraft:spruce_log":26,"sophisticatedbackpacks:backpack":1,"minecraft:iron_pickaxe":464,"minecraft:gravel":1,"minecraft:spruce_sapling":2,"minecraft:cobblestone":121,"minecraft:andesite":20,"minecraft:bucket":20,"minecraft:oak_boat":1,"minecraft:smooth_stone":1},"minecraft:custom":{"minecraft:mob_kills":155,"minecraft:interact_with_crafting_table":29,"minecraft:damage_dealt_resisted":2090,"minecraft:leave_game":1,"minecraft:time_since_death":38604,"minecraft:climb_one_cm":2373,"minecraft:damage_resisted":483,"minecraft:sprint_one_cm":367955,"minecraft:walk_one_cm":384534,"minecraft:damage_blocked_by_shield":1074,"minecraft:drop":62,"minecraft:damage_dealt_absorbed":156,"minecraft:talked_to_villager":4,"minecraft:play_time":193321,"minecraft:deaths":4,"minecraft:sneak_time":16808,"minecraft:walk_under_water_one_cm":5218,"minecraft:boat_one_cm":30970,"minecraft:jump":5103,"minecraft:walk_on_water_one_cm":72660,"minecraft:total_world_time":193321,"minecraft:interact_with_furnace":4,"minecraft:sleep_in_bed":5,"minecraft:time_since_rest":38633,"minecraft:damage_taken":7926,"minecraft:damage_absorbed":2222,"minecraft:damage_dealt":29993,"minecraft:player_kills":1,"minecraft:swim_one_cm":864,"minecraft:fly_one_cm":739746,"minecraft:open_chest":55,"minecraft:crouch_one_cm":45522,"minecraft:fall_one_cm":130844},"minecraft:killed_by":{"minecraft:skeleton":1,"minecraft:zombie":2},"minecraft:picked_up":{"minecraft:crafting_table":4,"minecraft:coarse_dirt":22,"minecraft:iron_chestplate":2,"minecraft:brown_mushroom":1,"ecologics:seashell":1,"minecraft:shield":3,"minecraft:string":27,"minecraft:raw_copper":198,"minecraft:iron_axe":3,"minecraft:smooth_stone_slab":1,"minecraft:iron_leggings":3,"tacz:ammo":72,"minecraft:iron_shovel":3,"minecraft:smooth_stone":1,"minecraft:cobbled_deepslate":36,"minecraft:spruce_planks":375,"minecraft:bucket":1,"comforts:sleeping_bag_white":4,"projectvibrantjourneys:sandy_sprouts":1,"minecraft:iron_pickaxe":5,"minecraft:sugar_cane":5,"minecraft:chest":3,"minecraft:birch_sapling":16,"minecraft:phantom_membrane":1,"minecraft:iron_boots":3,"max_armory:diamond_long_sword":1,"minecraft:dark_oak_sapling":2,"minecraft:raw_iron":67,"minecraft:stick":106,"projectvibrantjourneys:bark_mushroom":8,"minecraft:torch":146,"minecraft:acacia_log":1,"sophisticatedbackpacks:backpack":3,"pointblank:gunmetal_nugget":283,"psg:sulphur":1297,"minecraft:redstone":142,"minecraft:diamond_chestplate":1,"minecraft:arrow":33,"minecraft:rotten_flesh":46,"minecraft:beetroot_seeds":2,"k_turrets:raw_titanium":39,"ecologics:coconut_log":1,"minecraft:cyan_terracotta":2,"minecraft:mutton":14,"minecraft:white_wool":10,"minecraft:cobblestone":141,"minecraft:stripped_oak_log":1,"minecraft:birch_log":37,"minecraft:cooked_beef":135,"table_top_craft:chess_piece_figure":1,"minecraft:water_bucket":3,"minecraft:andesite":134,"projectvibrantjourneys:fallen_leaves":17,"minecraft:flint":1,"create:raw_zinc":95,"overworld_netherite_ore:ancientdebrispiece":2,"minecraft:oak_log":64,"minecraft:gunpowder":36,"minecraft:lapis_lazuli":252,"minecraft:blue_bed":3,"projectvibrantjourneys:spruce_hollow_log":1,"projectvibrantjourneys:sea_oats":5,"minecraft:dirt":147,"minecraft:bone":117,"minecraft:apple":11,"minecraft:bow":1,"minecraft:wheat_seeds":1,"minecraft:raw_gold":39,"minecraft:iron_ingot":80,"minecraft:mossy_stone_brick_wall":2,"minecraft:iron_sword":8,"projectvibrantjourneys:light_brown_bark_mushroom":3,"pointblank:glock17":3,"minecraft:pumpkin":6,"minecraft:sweet_berries":24,"psg:raw_potassium":48,"minecraft:gravel":2,"minecraft:stripped_spruce_log":6,"minecraft:spruce_sapling":109,"minecraft:spruce_log":337,"minecraft:dark_oak_log":42,"minecraft:spider_eye":1,"minecraft:mossy_cobblestone":1,"minecraft:diamond":50,"tacz:modern_kinetic_gun":3,"minecraft:iron_helmet":4,"minecraft:golden_apple":125,"projectvibrantjourneys:orange_bark_mushroom":5,"minecraft:oak_sapling":66,"minecraft:black_wool":1,"minecraft:coal":97},"minecraft:broken":{"minecraft:iron_boots":1,"minecraft:iron_leggings":1,"minecraft:iron_axe":2,"minecraft:iron_sword":1,"minecraft:iron_pickaxe":1},"minecraft:crafted":{"minecraft:oak_planks":60,"ecologics:coconut_planks":4,"comforts:sleeping_bag_white":2,"minecraft:iron_axe":3,"minecraft:chest":6,"minecraft:crafting_table":5,"minecraft:spruce_planks":950,"minecraft:iron_helmet":1,"minecraft:iron_sword":1,"minecraft:copper_ingot":4,"minecraft:bucket":1,"minecraft:air":0,"minecraft:oak_boat":1,"minecraft:stick":16,"minecraft:iron_ingot":144,"minecraft:iron_pickaxe":2,"minecraft:iron_leggings":2,"minecraft:iron_shovel":1,"minecraft:acacia_planks":4,"minecraft:spruce_fence_gate":4,"minecraft:torch":392},"minecraft:dropped":{"minecraft:iron_ingot":25,"minecraft:iron_sword":6,"minecraft:stripped_spruce_log":1,"minecraft:brown_mushroom":1,"minecraft:lapis_lazuli":15,"minecraft:oak_log":49,"minecraft:crafting_table":1,"pointblank:glock17":1,"minecraft:cobblestone":4,"projectvibrantjourneys:orange_bark_mushroom":1,"minecraft:flint":1,"minecraft:stick":8,"minecraft:dirt":2,"minecraft:dark_oak_log":42,"minecraft:torch":48,"projectvibrantjourneys:fallen_leaves":8,"tacz:modern_kinetic_gun":1,"minecraft:phantom_membrane":1,"minecraft:iron_axe":1,"minecraft:iron_pickaxe":1,"minecraft:bucket":1,"overworld_netherite_ore:ancientdebrispiece":1,"projectvibrantjourneys:bark_mushroom":3,"minecraft:gravel":1,"minecraft:coarse_dirt":7,"minecraft:smooth_stone_slab":1,"minecraft:raw_copper":8,"minecraft:cobbled_deepslate":16,"minecraft:birch_sapling":1,"minecraft:rotten_flesh":13,"minecraft:iron_boots":1,"sophisticatedbackpacks:backpack":1,"pointblank:gunmetal_nugget":2,"projectvibrantjourneys:light_brown_bark_mushroom":2,"minecraft:spruce_planks":74,"minecraft:spider_eye":1,"comforts:sleeping_bag_white":1,"minecraft:spruce_log":81,"minecraft:arrow":11,"minecraft:bow":1},"minecraft:mined":{"create:zinc_ore":1,"create:deepslate_zinc_ore":34,"minecraft:spruce_planks":205,"minecraft:mossy_cobblestone":2,"minecraft:dark_oak_leaves":6,"minecraft:deepslate_diamond_ore":20,"farmersdelight:wild_carrots":1,"minecraft:dark_oak_log":42,"projectvibrantjourneys:rocks":6,"minecraft:acacia_log":1,"minecraft:grass_block":136,"ecologics:coconut_log":1,"minecraft:spruce_leaves":147,"minecraft:spawner":3,"minecraft:large_fern":1,"comforts:sleeping_bag_white":4,"minecraft:smooth_stone":1,"minecraft:iron_ore":3,"minecraft:andesite":43,"projectvibrantjourneys:bark_mushroom":1,"minecraft:stripped_spruce_log":6,"minecraft:pumpkin":7,"minecraft:deepslate_lapis_ore":11,"minecraft:vine":1,"minecraft:deepslate_iron_ore":13,"minecraft:stripped_oak_log":1,"sophisticatedbackpacks:backpack":1,"projectvibrantjourneys:seashells":3,"minecraft:stone":71,"minecraft:deepslate_redstone_ore":11,"projectvibrantjourneys:sea_oats":5,"minecraft:cyan_terracotta":2,"psg:potassium_ore":9,"psg:deepslate_sulphur_ore":74,"minecraft:crafting_table":3,"projectvibrantjourneys:twigs":1,"minecraft:chest":3,"minecraft:copper_ore":21,"minecraft:tall_grass":6,"minecraft:cobblestone":45,"minecraft:deepslate_coal_ore":4,"minecraft:deepslate_gold_ore":8,"projectvibrantjourneys:fallen_leaves":3,"minecraft:sugar_cane":4,"minecraft:blue_bed":3,"minecraft:wall_torch":6,"minecraft:deepslate_copper_ore":5,"farmersdelight:wild_beetroots":1,"minecraft:coarse_dirt":17,"minecraft:mossy_stone_brick_wall":2,"ecologics:seashell":1,"k_turrets:deepslate_titanium_ore":1,"minecraft:birch_log":37,"minecraft:sweet_berry_bush":11,"minecraft:spruce_log":339,"minecraft:birch_leaves":48,"minecraft:grass":10,"k_turrets:titanium_ore":7,"minecraft:oak_log":64,"projectvibrantjourneys:spruce_hollow_log":1,"projectvibrantjourneys:sandy_sprouts":1,"minecraft:coal_ore":25,"projectvibrantjourneys:short_grass":27,"projectvibrantjourneys:pinecones":3,"minecraft:dirt":4,"minecraft:cobweb":2,"minecraft:polished_andesite":2,"minecraft:gold_ore":1,"minecraft:oak_leaves":161,"projectvibrantjourneys:oak_hollow_log":6,"minecraft:deepslate":33,"minecraft:fern":8}},"DataVersion":3465}