{"stats":{"minecraft:broken":{"minecraft:stone_axe":1,"minecraft:iron_axe":1,"minecraft:iron_pickaxe":1,"minecraft:iron_helmet":1},"minecraft:picked_up":{"minecraft:wooden_axe":1,"minecraft:iron_chestplate":7,"minecraft:wheat":58,"minecraft:stone_slab":4,"spawnermod:spawner_key":1,"minecraft:enchanted_book":1,"minecraft:golden_sword":4,"minecraft:string":21,"minecraft:raw_copper":1406,"minecraft:smooth_stone_slab":3,"minecraft:explorer_pottery_sherd":1,"minecraft:iron_leggings":7,"minecraft:diamond_leggings":2,"minecraft:red_sand":1,"minecraft:gold_nugget":3,"minecraft:cobbled_deepslate":367,"minecraft:bucket":9,"comforts:sleeping_bag_white":14,"minecraft:spruce_planks":1301,"securitycraft:keycard_lv1":2,"toolbelt:belt":2,"minecraft:iron_pickaxe":7,"farmersdelight:cabbage_seeds":7,"minecraft:iron_boots":7,"max_armory:diamond_long_sword":2,"minecraft:stick":77,"minecraft:composter":3,"minecraft:oak_fence":7,"minecraft:torch":300,"minecraft:porkchop":4,"psg:sulphur":990,"minecraft:villager_spawn_egg":1,"minecraft:cauldron":1,"mutantmonsters:hulk_hammer":1,"minecraft:zombie_spawn_egg":2,"minecraft:rotten_flesh":211,"farmersdelight:onion":208,"minecraft:iron_block":59,"minecraft:cyan_terracotta":3,"farmersdelight:rope":24,"projectvibrantjourneys:cattail":1,"minecraft:white_terracotta":6,"minecraft:cod":1,"minecraft:snowball":1,"minecraft:cobblestone":463,"minecraft:birch_log":79,"minecraft:feather":4,"minecraft:cooked_beef":64,"minecraft:water_bucket":2,"minecraft:andesite":182,"projectvibrantjourneys:fallen_leaves":15,"minecraft:potato":24,"minecraft:tuff":1,"create:raw_zinc":199,"projectvibrantjourneys:rocks":2,"projectvibrantjourneys:oak_hollow_log":16,"minecraft:lapis_lazuli":184,"minecraft:dirt":49,"minecraft:zombie_villager_spawn_egg":1,"tacz:ammo_box":3,"minecraft:leather_boots":1,"minecraft:bone":116,"minecraft:bow":18,"minecraft:wheat_seeds":341,"minecraft:raw_gold":45,"better_mob_food:cooked_flesh":13,"minecraft:diamond_helmet":1,"minecraft:oak_planks":147,"minecraft:vindicator_spawn_egg":1,"psg:raw_potassium":20,"minecraft:sand":48,"ecologics:coconut_husk":14,"minecraft:stripped_spruce_log":2,"sophisticatedbackpacks:iron_backpack":2,"minecraft:ink_sac":3,"minecraft:diamond_block":1,"minecraft:mossy_cobblestone":4,"minecraft:dark_oak_log":81,"alexsmobs:animal_dictionary":8,"minecraft:barrel":3,"minecraft:skeleton_spawn_egg":9,"minecraft:polished_andesite":6,"minecraft:spruce_fence_gate":1,"minecraft:diamond":40,"minecraft:golden_apple":43,"minecraft:emerald":9,"minecraft:bread":9,"alexsmobs:maggot":2,"minecraft:jack_o_lantern":2,"minecraft:oak_sapling":73,"minecraft:diamond_pickaxe":4,"minecraft:coarse_dirt":84,"minecraft:allium":20,"minecraft:chicken":2,"minecraft:clay_ball":60,"toolbelt:pouch":2,"minecraft:brown_mushroom":13,"ecologics:seashell":1,"minecraft:wooden_pickaxe":7,"max_armory:diamond_machete":2,"minecraft:shield":6,"minecraft:moss_carpet":8,"minecraft:iron_axe":2,"minecraft:wooden_sword":2,"tacz:ammo":414,"minecraft:beef":7,"projectvibrantjourneys:sandy_sprouts":1,"minecraft:iron_nugget":1,"minecraft:poppy":1,"minecraft:sugar_cane":109,"minecraft:chest":1,"minecraft:birch_sapling":33,"minecraft:phantom_membrane":6,"minecraft:raw_copper_block":6,"minecraft:egg":12,"minecraft:copper_ore":26,"minecraft:dark_oak_sapling":2,"minecraft:raw_iron":247,"minecraft:stone":59,"ecologics:coconut_slice":30,"projectvibrantjourneys:bark_mushroom":10,"minecraft:copper_ingot":36,"sophisticatedbackpacks:backpack":3,"pointblank:gunmetal_nugget":859,"farmersdelight:tomato_seeds":8,"minecraft:cookie":3,"securitycraft:keycard_reader":1,"minecraft:trident":1,"minecraft:carrot":244,"minecraft:redstone":321,"minecraft:drowned_spawn_egg":1,"minecraft:chicken_spawn_egg":1,"minecraft:howl_pottery_sherd":1,"minecraft:arrow":153,"minecraft:diamond_chestplate":2,"minecraft:beetroot_seeds":22,"k_turrets:raw_titanium":98,"minecraft:diamond_boots":2,"minecraft:hay_block":16,"minecraft:saddle":3,"minecraft:gold_ingot":1,"minetraps:razor_wire":2,"minecraft:mutton":6,"minecraft:white_wool":4,"minecraft:stripped_oak_log":1,"minecraft:salmon":1,"minecraft:burn_pottery_sherd":1,"projectvibrantjourneys:icicle":1,"table_top_craft:chess_piece_figure":7,"minecraft:leather":9,"minecraft:red_mushroom":3,"overworld_netherite_ore:ancientdebrispiece":7,"minecraft:oak_log":55,"minecraft:lily_pad":19,"k_turrets:titanium_ore":10,"minecraft:gunpowder":54,"farmersdelight:skillet":1,"projectvibrantjourneys:sea_oats":5,"minecraft:blue_bed":1,"minecraft:white_banner":6,"minecraft:spawner":4,"minecraft:cooked_mutton":6,"minecraft:apple":8,"minecraft:creeper_spawn_egg":7,"minecraft:iron_ingot":25,"minecraft:oak_fence_gate":3,"minecraft:cooked_chicken":1,"minecraft:iron_ore":4,"minecraft:mossy_stone_brick_wall":47,"minecraft:arms_up_pottery_sherd":1,"minecraft:iron_sword":8,"sophisticatedbackpacks:diamond_backpack":2,"projectvibrantjourneys:light_brown_bark_mushroom":10,"pointblank:glock17":2,"minecraft:pumpkin":28,"minecraft:sweet_berries":39,"minecraft:gravel":10,"projectvibrantjourneys:bones":2,"minecraft:spruce_sapling":487,"minecraft:spruce_log":202,"minecraft:spider_eye":14,"minecraft:pumpkin_seeds":4,"minecraft:diamond_shovel":1,"minecraft:husk_spawn_egg":3,"minecraft:coal_ore":210,"minecraft:campfire":3,"tacz:modern_kinetic_gun":4,"minecraft:iron_helmet":6,"minecraft:cherry_sapling":1,"projectvibrantjourneys:orange_bark_mushroom":31,"minecraft:damaged_anvil":1,"minecraft:black_wool":1,"farmersdelight:stove":1,"minecraft:coal":1488,"minecraft:hopper":2,"minecraft:ender_pearl":3},"minecraft:custom":{"minecraft:animals_bred":8,"minecraft:interact_with_crafting_table":63,"minecraft:open_barrel":47,"minecraft:bell_ring":2,"minecraft:leave_game":16,"minecraft:time_since_death":463296,"minecraft:sprint_one_cm":1633880,"minecraft:damage_blocked_by_shield":461,"minecraft:drop":125,"minecraft:talked_to_villager":39,"minecraft:play_time":1068580,"minecraft:deaths":11,"minecraft:jump":6863,"minecraft:walk_on_water_one_cm":346122,"minecraft:enchant_item":6,"minecraft:interact_with_furnace":38,"minecraft:traded_with_villager":16,"minecraft:sleep_in_bed":27,"minecraft:damage_dealt":63428,"minecraft:crouch_one_cm":57722,"minecraft:interact_with_smoker":9,"minecraft:horse_one_cm":366377,"minecraft:interact_with_anvil":4,"minecraft:mob_kills":545,"minecraft:inspect_hopper":22,"minecraft:damage_dealt_resisted":2213,"minecraft:climb_one_cm":72893,"minecraft:walk_one_cm":3218924,"minecraft:damage_dealt_absorbed":71,"minecraft:raid_win":2,"minecraft:sneak_time":17488,"minecraft:walk_under_water_one_cm":60387,"minecraft:boat_one_cm":27825,"minecraft:interact_with_blast_furnace":139,"minecraft:total_world_time":1068580,"minecraft:raid_trigger":2,"minecraft:interact_with_grindstone":1,"minecraft:time_since_rest":23790,"minecraft:damage_taken":6046,"minecraft:damage_absorbed":705,"minecraft:swim_one_cm":3686,"minecraft:fly_one_cm":1332451,"minecraft:open_chest":590,"minecraft:fall_one_cm":101955},"minecraft:dropped":{"sophisticatedbackpacks:iron_backpack":1,"minecraft:moss_block":3,"minecraft:brown_mushroom":4,"projectvibrantjourneys:orange_bark_mushroom":10,"minecraft:red_mushroom":1,"minecraft:cyan_terracotta":1,"minecraft:dirt":5,"projectvibrantjourneys:icicle":1,"projectvibrantjourneys:fallen_leaves":1,"minecraft:snowball":1,"toolbelt:pouch":2,"projectvibrantjourneys:bark_mushroom":1,"minecraft:bone":2,"minecraft:birch_sapling":1,"minecraft:mossy_stone_brick_wall":4,"minecraft:hopper":1,"ecologics:coconut_husk":11,"minecraft:arrow":30,"minecraft:egg":1,"minecraft:water_bucket":1,"minecraft:wheat_seeds":6,"farmersdelight:skillet":1,"minecraft:creeper_spawn_egg":4,"minecraft:cobblestone":16,"minecraft:coal":64,"projectvibrantjourneys:rocks":1,"tacz:modern_kinetic_gun":3,"max_armory:diamond_long_sword":3,"minecraft:spruce_sapling":2,"alexsmobs:maggot":2,"minecraft:coarse_dirt":1,"minecraft:smooth_stone_slab":2,"minecraft:villager_spawn_egg":1,"pointblank:gunmetal_nugget":24,"minecraft:allium":20,"minecraft:spruce_planks":49,"minecraft:diamond_pickaxe":2,"minecraft:andesite":64,"minecraft:oak_sapling":1,"minecraft:golden_sword":1,"tacz:ammo":12,"minecraft:bow":2,"securitycraft:keycard_reader":1},"minecraft:used":{"k_turrets:gauss_drone_item":1,"minecraft:diamond_hoe":391,"minecraft:oak_sign":2,"farmersdelight:stove":2,"minecraft:chest":61,"minecraft:shield":27,"minecraft:iron_sword":195,"minecraft:stone":235,"minecraft:zombie_spawn_egg":4,"minecraft:rotten_flesh":9,"minecraft:iron_chestplate":1,"securitycraft:reinforced_soul_lantern":4,"minecraft:soul_sand":13,"minecraft:mutton":8,"minecraft:skeleton_spawn_egg":4,"minecraft:carrot":142,"create:framed_glass_pane":6,"enchantinginfuser:advanced_enchanting_infuser":1,"minecraft:stripped_spruce_log":1,"minecraft:coal_ore":210,"minecraft:villager_spawn_egg":34,"minecraft:lantern":6,"minecraft:copper_ore":26,"minecraft:iron_helmet":1,"minecraft:sweet_berries":7,"mutantmonsters:hulk_hammer":88,"minecraft:furnace":10,"minecraft:egg":1,"max_armory:diamond_long_sword":68,"securitycraft:electrified_iron_fence":35,"minecraft:damaged_anvil":1,"minecraft:oak_planks":71,"minecraft:wooden_pickaxe":20,"minecraft:composter":4,"minetraps:quicksand":9,"minecraft:blue_bed":1,"minetraps:razor_wire":514,"minecraft:sugar_cane":25,"minecraft:cookie":3,"minecraft:golden_apple":36,"minecraft:glow_berries":17,"minecraft:sand":32,"minecraft:blast_furnace":8,"max_armory:diamond_machete":719,"minecraft:creeper_spawn_egg":2,"minecraft:bread":19,"ecologics:coconut_slice":67,"minecraft:wooden_sword":2,"minecraft:andesite":13,"minecraft:birch_log":4,"create:framed_glass_door":2,"minecraft:smooth_stone_slab":18,"securitycraft:reinforced_fence_gate":23,"minecraft:coarse_dirt":66,"minetraps:barbed_wire_fence":438,"minecraft:bone_meal":169,"minecraft:oak_fence":7,"minecraft:oak_trapdoor":4,"tacz:gun_smith_table":2,"minecraft:spruce_planks":674,"minecraft:cooked_chicken":1,"minecraft:torch":327,"minecraft:dirt":75,"minecraft:hopper":38,"minecraft:spruce_stairs":33,"minecraft:oak_fence_gate":3,"farmersdelight:rope":167,"securitycraft:keycard_reader":9,"minecraft:wooden_axe":55,"projectvibrantjourneys:fallen_leaves":1,"minecraft:bookshelf":65,"minecraft:iron_axe":181,"minecraft:spawner":2,"minetraps:barbed_wire":5,"minecraft:iron_boots":1,"better_mob_food:cooked_flesh":11,"minecraft:barrel":3,"k_turrets:titanium_ore":10,"minecraft:wolf_spawn_egg":5,"comforts:sleeping_bag_white":5,"minecraft:cobbled_deepslate":7,"minecraft:mossy_stone_brick_wall":97,"minecraft:iron_leggings":1,"minecraft:wheat_seeds":91,"minecraft:cooked_mutton":6,"minecraft:water_bucket":130,"minecraft:iron_ore":4,"pointblank:printer":1,"minecraft:cauldron":1,"minecraft:cobblestone_slab":11,"minecraft:mossy_cobblestone":15,"farmersdelight:onion":58,"minecraft:crafting_table":3,"minecraft:red_mushroom":1,"minecraft:campfire":3,"minecraft:spruce_log":169,"minecraft:smoker":2,"create:small_crimsite_bricks":129,"minecraft:diamond_pickaxe":1480,"minecraft:diamond_shovel":175,"minecraft:iron_pickaxe":461,"minecraft:stone_slab":100,"minecraft:stone_axe":133,"mutantmonsters:mutant_zombie_spawn_egg":1,"minecraft:cobblestone":335,"minecraft:bucket":33,"minecraft:husk_spawn_egg":3},"minecraft:killed":{"minecraft:cave_spider":1,"minecraft:zombified_piglin":7,"minecraft:spider":9,"minecraft:zombie_horse":15,"minecraft:skeleton":96,"minecraft:guardian":5,"minecraft:chicken":3,"alexsmobs:centipede_head":1,"minecraft:wolf":1,"minecraft:zombie_villager":2,"alexsmobs:seal":1,"minecraft:creeper":160,"minecraft:pillager":20,"minecraft:zombie":69,"minecraft:cow":4,"hordes:zombie_player":1,"minecraft:vindicator":3,"alexsmobs:seagull":2,"minecraft:zoglin":3,"minecraft:phantom":11,"minecraft:horse":1,"minecraft:drowned":7,"alexsmobs:tusklin":1,"minecraft:husk":86,"minecraft:ravager":2,"mutantmonsters:mutant_zombie":1,"minecraft:enderman":2},"minecraft:killed_by":{"minecraft:zombie":6,"minecraft:player":1,"minecraft:skeleton":3},"minecraft:crafted":{"minecraft:brick":56,"minecraft:oak_planks":196,"k_turrets:titanium_ingot":30,"max_armory:diamond_long_sword":1,"psg:potassium":2,"minecraft:bricks":4,"minecraft:stone_hoe":1,"minecraft:oak_fence":3,"farmersdelight:stove":1,"minecraft:emerald":16,"minecraft:crafting_table":2,"minecraft:spruce_planks":770,"minecraft:wooden_pickaxe":1,"minecraft:copper_ingot":636,"farmersdelight:skillet":1,"minecraft:dispenser":1,"minecraft:wooden_hoe":1,"minecraft:diamond_pickaxe":1,"minecraft:stick":26,"minecraft:iron_ingot":122,"minecraft:iron_pickaxe":1,"minecraft:gold_ingot":44,"minecraft:composter":1,"minecraft:iron_nugget":5,"minecraft:diamond_hoe":1,"minecraft:furnace":2,"minecraft:bone_meal":1245,"minecraft:iron_axe":1,"minecraft:spruce_slab":12,"minecraft:iron_hoe":1,"minecraft:wheat":144,"k_turrets:gauss_drone_item":1,"max_armory:handle":1,"tacz:gun_smith_table":1,"minecraft:bucket":1,"minecraft:stone_axe":1,"minecraft:air":0,"minecraft:wooden_axe":1,"minecraft:torch":60,"create:zinc_ingot":68,"minecraft:diamond_chestplate":1,"minecraft:golden_hoe":1},"minecraft:mined":{"create:deepslate_zinc_ore":16,"minecraft:spruce_planks":37,"minecraft:oak_sapling":1,"minecraft:jungle_leaves":1,"minecraft:red_sand":1,"minecraft:grass_block":7,"minecraft:composter":3,"minecraft:spawner":2,"comforts:sleeping_bag_white":4,"minecraft:mossy_cobblestone_stairs":1,"minecraft:iron_ore":43,"minecraft:cobbled_deepslate":3,"minecraft:barrel":3,"minecraft:moss_carpet":1,"minecraft:pumpkin":11,"minecraft:deepslate_lapis_ore":3,"minecraft:water_cauldron":1,"minecraft:dirt_path":1,"minetraps:razor_wire":1,"farmersdelight:wild_potatoes":2,"projectvibrantjourneys:cattail":1,"minecraft:deepslate_redstone_ore":11,"minecraft:brown_mushroom":2,"projectvibrantjourneys:sea_oats":1,"minecraft:cyan_terracotta":1,"minecraft:clay":26,"minecraft:torch":10,"projectvibrantjourneys:twigs":5,"minecraft:cobblestone":30,"minecraft:oak_planks":9,"minecraft:sugar_cane":72,"projectvibrantjourneys:fallen_leaves":5,"minecraft:damaged_anvil":1,"minecraft:wall_torch":7,"minecraft:deepslate_copper_ore":20,"minecraft:white_terracotta":3,"projectvibrantjourneys:light_brown_bark_mushroom":1,"farmersdelight:sandy_shrub":1,"minecraft:mossy_stone_brick_wall":41,"minecraft:birch_log":23,"minecraft:wheat":75,"projectvibrantjourneys:bones":3,"minecraft:smooth_stone_slab":1,"minecraft:grass":6,"minecraft:oak_log":7,"projectvibrantjourneys:short_grass":45,"minecraft:oak_fence_gate":3,"projectvibrantjourneys:pinecones":9,"minecraft:sand":53,"minecraft:dirt":49,"minecraft:raw_copper_block":1,"minecraft:oak_leaves":34,"minecraft:deepslate":54,"create:zinc_ore":29,"minecraft:tuff":2,"farmersdelight:onions":35,"minecraft:mossy_cobblestone":8,"minecraft:deepslate_diamond_ore":4,"farmersdelight:wild_carrots":12,"minecraft:jack_o_lantern":1,"projectvibrantjourneys:rocks":7,"psg:sulphur_ore":23,"minecraft:glow_lichen":1,"minecraft:decorated_pot":1,"minecraft:spruce_leaves":180,"minecraft:red_mushroom":1,"minecraft:large_fern":14,"minecraft:hay_block":16,"farmersdelight:wild_onions":9,"minecraft:redstone_ore":6,"minecraft:carrots":51,"minecraft:andesite":114,"minecraft:deepslate_iron_ore":33,"minecraft:stone":218,"projectvibrantjourneys:icicle":1,"minecraft:podzol":1,"psg:potassium_ore":1,"psg:deepslate_sulphur_ore":40,"minecraft:oak_fence":7,"minecraft:emerald_ore":2,"projectvibrantjourneys:mossy_rocks":3,"minecraft:campfire":3,"minecraft:stone_slab":2,"minecraft:copper_ore":129,"minecraft:tall_grass":3,"minecraft:deepslate_coal_ore":2,"minecraft:lapis_ore":5,"minecraft:deepslate_gold_ore":4,"minecraft:lily_pad":1,"farmersdelight:wild_beetroots":7,"minecraft:coarse_dirt":69,"minecraft:spruce_log":122,"minecraft:birch_leaves":4,"k_turrets:titanium_ore":46,"minecraft:coal_ore":952,"overworld_netherite_ore:ancient_debris_ore":2,"minecraft:gravel":6,"farmersdelight:stove":1,"minecraft:mossy_stone_bricks":1,"minecraft:gold_ore":20,"projectvibrantjourneys:oak_hollow_log":8,"minecraft:fern":4}},"DataVersion":3465}