{"stats":{"minecraft:used":{"minecraft:oak_trapdoor":4,"minecraft:oak_sign":2,"minecraft:chest":61,"tacz:gun_smith_table":1,"minecraft:spruce_planks":665,"minecraft:shield":27,"minecraft:iron_sword":195,"minecraft:stone":177,"minecraft:zombie_spawn_egg":4,"minecraft:iron_chestplate":1,"minecraft:torch":272,"securitycraft:reinforced_soul_lantern":4,"minecraft:soul_sand":13,"minecraft:dirt":51,"minecraft:mutton":8,"minecraft:skeleton_spawn_egg":4,"minecraft:hopper":38,"minecraft:spruce_stairs":33,"create:framed_glass_pane":6,"minecraft:wooden_axe":55,"farmersdelight:rope":167,"minecraft:stripped_spruce_log":1,"enchantinginfuser:advanced_enchanting_infuser":1,"securitycraft:keycard_reader":9,"minecraft:bookshelf":65,"minecraft:lantern":6,"minecraft:iron_axe":181,"minecraft:spawner":2,"minetraps:barbed_wire":5,"minecraft:iron_helmet":1,"minecraft:iron_boots":1,"minecraft:sweet_berries":7,"mutantmonsters:hulk_hammer":88,"minecraft:wolf_spawn_egg":5,"minecraft:furnace":10,"comforts:sleeping_bag_white":5,"max_armory:diamond_long_sword":68,"minecraft:cobbled_deepslate":2,"minecraft:mossy_stone_brick_wall":64,"minecraft:iron_leggings":1,"securitycraft:electrified_iron_fence":35,"minecraft:water_bucket":118,"minecraft:oak_planks":71,"minecraft:wooden_pickaxe":20,"minecraft:cobblestone_slab":11,"minecraft:sugar_cane":5,"minetraps:quicksand":9,"minetraps:razor_wire":514,"minecraft:golden_apple":19,"minecraft:mossy_cobblestone":15,"minecraft:sand":8,"minecraft:red_mushroom":1,"minecraft:crafting_table":3,"minecraft:blast_furnace":8,"minecraft:campfire":3,"minecraft:spruce_log":168,"minecraft:smoker":2,"max_armory:diamond_machete":258,"minecraft:creeper_spawn_egg":1,"create:small_crimsite_bricks":129,"minecraft:diamond_pickaxe":105,"minecraft:bread":9,"minecraft:iron_pickaxe":461,"minecraft:stone_slab":100,"minecraft:stone_axe":133,"ecologics:coconut_slice":32,"mutantmonsters:mutant_zombie_spawn_egg":1,"minecraft:wooden_sword":2,"minecraft:cobblestone":315,"minecraft:bucket":21,"minecraft:birch_log":4,"create:framed_glass_door":2,"minecraft:smooth_stone_slab":18,"minetraps:barbed_wire_fence":438,"securitycraft:reinforced_fence_gate":23,"minecraft:husk_spawn_egg":3},"minecraft:broken":{"minecraft:iron_axe":1,"minecraft:stone_axe":1,"minecraft:iron_pickaxe":1,"minecraft:iron_helmet":1},"minecraft:killed_by":{"minecraft:player":1,"minecraft:skeleton":3,"minecraft:zombie":5},"minecraft:picked_up":{"minecraft:wooden_axe":1,"minecraft:iron_chestplate":7,"minecraft:coarse_dirt":15,"toolbelt:pouch":2,"minecraft:brown_mushroom":13,"minecraft:stone_slab":4,"ecologics:seashell":1,"minecraft:wooden_pickaxe":7,"spawnermod:spawner_key":1,"minecraft:enchanted_book":1,"max_armory:diamond_machete":1,"minecraft:shield":6,"minecraft:string":19,"minecraft:moss_carpet":8,"minecraft:raw_copper":898,"minecraft:iron_axe":2,"minecraft:wooden_sword":2,"minecraft:smooth_stone_slab":3,"minecraft:iron_leggings":7,"tacz:ammo":90,"minecraft:diamond_leggings":1,"minecraft:cobbled_deepslate":354,"minecraft:bucket":9,"comforts:sleeping_bag_white":14,"minecraft:spruce_planks":1300,"securitycraft:keycard_lv1":1,"projectvibrantjourneys:sandy_sprouts":1,"toolbelt:belt":1,"minecraft:iron_pickaxe":7,"minecraft:chest":1,"minecraft:birch_sapling":32,"minecraft:phantom_membrane":5,"farmersdelight:cabbage_seeds":7,"minecraft:iron_boots":7,"minecraft:raw_copper_block":6,"max_armory:diamond_long_sword":2,"minecraft:dark_oak_sapling":2,"minecraft:raw_iron":205,"minecraft:stick":74,"minecraft:stone":1,"minecraft:copper_ingot":36,"projectvibrantjourneys:bark_mushroom":10,"minecraft:torch":289,"sophisticatedbackpacks:backpack":2,"pointblank:gunmetal_nugget":497,"psg:sulphur":724,"farmersdelight:tomato_seeds":8,"securitycraft:keycard_reader":1,"minecraft:redstone":321,"mutantmonsters:hulk_hammer":1,"minecraft:zombie_spawn_egg":2,"minecraft:arrow":132,"minecraft:rotten_flesh":115,"minecraft:diamond_chestplate":1,"minecraft:beetroot_seeds":22,"k_turrets:raw_titanium":23,"minecraft:diamond_boots":1,"minecraft:iron_block":59,"minecraft:cyan_terracotta":3,"farmersdelight:rope":24,"minecraft:gold_ingot":1,"minecraft:white_terracotta":6,"minetraps:razor_wire":2,"minecraft:mutton":6,"minecraft:white_wool":4,"minecraft:cobblestone":380,"minecraft:stripped_oak_log":1,"minecraft:birch_log":79,"minecraft:feather":2,"minecraft:cooked_beef":64,"table_top_craft:chess_piece_figure":7,"minecraft:water_bucket":1,"minecraft:andesite":167,"projectvibrantjourneys:fallen_leaves":13,"minecraft:red_mushroom":3,"minecraft:potato":17,"minecraft:lily_pad":18,"minecraft:oak_log":55,"create:raw_zinc":137,"overworld_netherite_ore:ancientdebrispiece":7,"minecraft:gunpowder":38,"projectvibrantjourneys:rocks":2,"projectvibrantjourneys:oak_hollow_log":16,"projectvibrantjourneys:sea_oats":5,"minecraft:lapis_lazuli":98,"minecraft:blue_bed":1,"minecraft:dirt":16,"minecraft:spawner":4,"minecraft:leather_boots":1,"minecraft:bone":92,"minecraft:apple":8,"minecraft:creeper_spawn_egg":1,"minecraft:bow":18,"minecraft:wheat_seeds":35,"minecraft:raw_gold":28,"minecraft:iron_ingot":25,"minecraft:cooked_chicken":1,"minecraft:diamond_helmet":1,"minecraft:mossy_stone_brick_wall":3,"minecraft:iron_sword":8,"minecraft:oak_planks":147,"sophisticatedbackpacks:diamond_backpack":1,"projectvibrantjourneys:light_brown_bark_mushroom":10,"pointblank:glock17":2,"minecraft:pumpkin":28,"minecraft:sweet_berries":39,"psg:raw_potassium":20,"minecraft:gravel":10,"projectvibrantjourneys:bones":2,"ecologics:coconut_husk":2,"minecraft:sand":8,"sophisticatedbackpacks:iron_backpack":2,"minecraft:stripped_spruce_log":2,"minecraft:spruce_sapling":486,"minecraft:spruce_log":201,"minecraft:diamond_block":1,"minecraft:dark_oak_log":81,"minecraft:spider_eye":12,"alexsmobs:animal_dictionary":8,"minecraft:mossy_cobblestone":4,"minecraft:spruce_fence_gate":1,"minecraft:skeleton_spawn_egg":8,"minecraft:polished_andesite":6,"minecraft:husk_spawn_egg":3,"minecraft:diamond_shovel":1,"minecraft:pumpkin_seeds":4,"minecraft:diamond":40,"tacz:modern_kinetic_gun":3,"minecraft:iron_helmet":6,"minecraft:golden_apple":43,"minecraft:bread":9,"minecraft:jack_o_lantern":2,"projectvibrantjourneys:orange_bark_mushroom":31,"minecraft:oak_sapling":72,"minecraft:black_wool":1,"minecraft:coal":90,"minecraft:hopper":1,"minecraft:diamond_pickaxe":2,"minecraft:ender_pearl":1},"minecraft:crafted":{"minecraft:oak_planks":196,"minecraft:furnace":2,"minecraft:bone_meal":204,"max_armory:diamond_long_sword":1,"minecraft:iron_axe":1,"max_armory:handle":1,"minecraft:crafting_table":2,"minecraft:spruce_planks":770,"minecraft:wooden_pickaxe":1,"tacz:gun_smith_table":1,"minecraft:copper_ingot":32,"minecraft:bucket":1,"minecraft:stone_axe":1,"minecraft:air":0,"minecraft:stick":18,"minecraft:iron_pickaxe":1,"minecraft:wooden_axe":1,"minecraft:torch":48},"minecraft:dropped":{"minecraft:water_bucket":1,"minecraft:brown_mushroom":4,"minecraft:wheat_seeds":6,"minecraft:cobblestone":13,"projectvibrantjourneys:orange_bark_mushroom":10,"minecraft:coal":64,"minecraft:red_mushroom":1,"projectvibrantjourneys:rocks":1,"minecraft:cyan_terracotta":1,"minecraft:dirt":4,"toolbelt:pouch":2,"tacz:modern_kinetic_gun":2,"max_armory:diamond_long_sword":3,"projectvibrantjourneys:bark_mushroom":1,"minecraft:spruce_sapling":2,"minecraft:bone":2,"minecraft:smooth_stone_slab":2,"minecraft:birch_sapling":1,"minecraft:mossy_stone_brick_wall":1,"minecraft:spruce_planks":49,"minecraft:diamond_pickaxe":1,"minecraft:andesite":64,"ecologics:coconut_husk":4,"tacz:ammo":12,"minecraft:arrow":30,"minecraft:bow":2,"securitycraft:keycard_reader":1},"minecraft:custom":{"minecraft:mob_kills":191,"minecraft:inspect_hopper":5,"minecraft:interact_with_crafting_table":22,"minecraft:open_barrel":10,"minecraft:damage_dealt_resisted":605,"minecraft:leave_game":11,"minecraft:time_since_death":62859,"minecraft:climb_one_cm":24083,"minecraft:sprint_one_cm":539638,"minecraft:walk_one_cm":1472276,"minecraft:damage_blocked_by_shield":461,"minecraft:drop":77,"minecraft:damage_dealt_absorbed":71,"minecraft:talked_to_villager":6,"minecraft:play_time":545614,"minecraft:sneak_time":12616,"minecraft:deaths":10,"minecraft:walk_under_water_one_cm":30206,"minecraft:boat_one_cm":27825,"minecraft:jump":2911,"minecraft:interact_with_blast_furnace":2,"minecraft:walk_on_water_one_cm":289120,"minecraft:enchant_item":2,"minecraft:total_world_time":545614,"minecraft:interact_with_furnace":11,"minecraft:sleep_in_bed":5,"minecraft:time_since_rest":62912,"minecraft:damage_absorbed":545,"minecraft:damage_taken":4080,"minecraft:damage_dealt":24805,"minecraft:swim_one_cm":3686,"minecraft:fly_one_cm":789396,"minecraft:crouch_one_cm":31098,"minecraft:open_chest":171,"minecraft:fall_one_cm":39797},"minecraft:killed":{"minecraft:cave_spider":1,"hordes:zombie_player":1,"minecraft:spider":5,"minecraft:phantom":5,"minecraft:skeleton":81,"alexsmobs:centipede_head":1,"minecraft:wolf":1,"minecraft:husk":16,"alexsmobs:seal":1,"minecraft:creeper":25,"minecraft:zombie":36,"mutantmonsters:mutant_zombie":1},"minecraft:mined":{"create:deepslate_zinc_ore":16,"minecraft:tuff":1,"minecraft:spruce_planks":36,"minecraft:mossy_cobblestone":4,"minecraft:deepslate_diamond_ore":4,"minecraft:jack_o_lantern":1,"projectvibrantjourneys:rocks":6,"psg:sulphur_ore":15,"minecraft:spruce_leaves":173,"minecraft:red_mushroom":1,"minecraft:spawner":2,"comforts:sleeping_bag_white":4,"minecraft:large_fern":13,"minecraft:redstone_ore":6,"minecraft:iron_ore":28,"minecraft:cobbled_deepslate":3,"minecraft:andesite":99,"minecraft:moss_carpet":1,"minecraft:pumpkin":11,"minecraft:deepslate_lapis_ore":3,"minecraft:deepslate_iron_ore":30,"minetraps:razor_wire":1,"minecraft:stone":86,"minecraft:deepslate_redstone_ore":11,"minecraft:cyan_terracotta":1,"psg:potassium_ore":1,"psg:deepslate_sulphur_ore":14,"minecraft:torch":5,"projectvibrantjourneys:twigs":3,"projectvibrantjourneys:mossy_rocks":2,"minecraft:stone_slab":2,"minecraft:copper_ore":46,"minecraft:tall_grass":3,"minecraft:cobblestone":18,"minecraft:deepslate_coal_ore":2,"minecraft:deepslate_gold_ore":2,"minecraft:oak_planks":9,"projectvibrantjourneys:fallen_leaves":3,"minecraft:wall_torch":4,"minecraft:deepslate_copper_ore":5,"farmersdelight:wild_beetroots":7,"minecraft:white_terracotta":3,"projectvibrantjourneys:light_brown_bark_mushroom":1,"farmersdelight:sandy_shrub":1,"minecraft:birch_log":23,"minecraft:spruce_log":121,"projectvibrantjourneys:bones":2,"minecraft:birch_leaves":4,"minecraft:smooth_stone_slab":1,"minecraft:grass":3,"overworld_netherite_ore:ancient_debris_ore":2,"k_turrets:titanium_ore":5,"minecraft:coal_ore":83,"minecraft:oak_log":7,"projectvibrantjourneys:short_grass":15,"minecraft:gravel":6,"minecraft:dirt":15,"projectvibrantjourneys:pinecones":6,"minecraft:sand":8,"minecraft:raw_copper_block":1,"minecraft:gold_ore":13,"projectvibrantjourneys:oak_hollow_log":8,"minecraft:oak_leaves":27,"minecraft:deepslate":41,"minecraft:fern":2}},"DataVersion":3465}