{"stats":{"minecraft:used":{"minecraft:oak_sign":2,"minecraft:chest":61,"minecraft:shield":27,"minecraft:stone":235,"minecraft:iron_sword":195,"minecraft:zombie_spawn_egg":4,"minecraft:iron_chestplate":1,"securitycraft:reinforced_soul_lantern":4,"minecraft:soul_sand":13,"minecraft:mutton":8,"minecraft:skeleton_spawn_egg":4,"create:framed_glass_pane":6,"enchantinginfuser:advanced_enchanting_infuser":1,"minecraft:stripped_spruce_log":1,"minecraft:coal_ore":210,"minecraft:lantern":6,"minecraft:copper_ore":26,"minecraft:iron_helmet":1,"minecraft:sweet_berries":7,"mutantmonsters:hulk_hammer":88,"minecraft:furnace":10,"max_armory:diamond_long_sword":68,"securitycraft:electrified_iron_fence":35,"minecraft:oak_planks":71,"minecraft:wooden_pickaxe":20,"minetraps:quicksand":9,"minetraps:razor_wire":514,"minecraft:sugar_cane":5,"minecraft:golden_apple":19,"minecraft:sand":8,"minecraft:blast_furnace":8,"max_armory:diamond_machete":375,"minecraft:creeper_spawn_egg":1,"minecraft:bread":10,"ecologics:coconut_slice":35,"minecraft:wooden_sword":2,"minecraft:birch_log":4,"create:framed_glass_door":2,"minecraft:smooth_stone_slab":18,"securitycraft:reinforced_fence_gate":23,"minetraps:barbed_wire_fence":438,"minecraft:oak_trapdoor":4,"tacz:gun_smith_table":1,"minecraft:spruce_planks":665,"minecraft:cooked_chicken":1,"minecraft:torch":314,"minecraft:dirt":51,"minecraft:hopper":38,"minecraft:spruce_stairs":33,"farmersdelight:rope":167,"securitycraft:keycard_reader":9,"minecraft:wooden_axe":55,"minecraft:bookshelf":65,"minecraft:iron_axe":181,"minecraft:spawner":2,"minetraps:barbed_wire":5,"minecraft:iron_boots":1,"k_turrets:titanium_ore":10,"minecraft:wolf_spawn_egg":5,"comforts:sleeping_bag_white":5,"minecraft:cobbled_deepslate":2,"minecraft:mossy_stone_brick_wall":64,"minecraft:iron_leggings":1,"minecraft:water_bucket":118,"minecraft:iron_ore":4,"minecraft:cobblestone_slab":11,"minecraft:mossy_cobblestone":15,"minecraft:crafting_table":3,"minecraft:red_mushroom":1,"minecraft:campfire":3,"minecraft:smoker":2,"minecraft:spruce_log":168,"create:small_crimsite_bricks":129,"minecraft:diamond_pickaxe":672,"minecraft:iron_pickaxe":461,"minecraft:stone_slab":100,"minecraft:stone_axe":133,"mutantmonsters:mutant_zombie_spawn_egg":1,"minecraft:cobblestone":315,"minecraft:bucket":21,"minecraft:husk_spawn_egg":3},"minecraft:broken":{"minecraft:stone_axe":1,"minecraft:iron_axe":1,"minecraft:iron_pickaxe":1,"minecraft:iron_helmet":1},"minecraft:killed_by":{"minecraft:zombie":5,"minecraft:player":1,"minecraft:skeleton":3},"minecraft:picked_up":{"minecraft:wooden_axe":1,"minecraft:iron_chestplate":7,"minecraft:stone_slab":4,"spawnermod:spawner_key":1,"minecraft:enchanted_book":1,"minecraft:string":19,"minecraft:raw_copper":1064,"minecraft:smooth_stone_slab":3,"minecraft:iron_leggings":7,"minecraft:diamond_leggings":1,"minecraft:cobbled_deepslate":354,"minecraft:bucket":9,"comforts:sleeping_bag_white":14,"minecraft:spruce_planks":1300,"securitycraft:keycard_lv1":1,"toolbelt:belt":1,"minecraft:iron_pickaxe":7,"farmersdelight:cabbage_seeds":7,"minecraft:iron_boots":7,"max_armory:diamond_long_sword":2,"minecraft:stick":74,"minecraft:torch":290,"psg:sulphur":724,"minecraft:zombie_spawn_egg":2,"mutantmonsters:hulk_hammer":1,"minecraft:rotten_flesh":115,"minecraft:iron_block":59,"minecraft:cyan_terracotta":3,"farmersdelight:rope":24,"minecraft:white_terracotta":6,"minecraft:cobblestone":382,"minecraft:birch_log":79,"minecraft:feather":2,"minecraft:cooked_beef":64,"minecraft:water_bucket":1,"minecraft:andesite":167,"projectvibrantjourneys:fallen_leaves":13,"minecraft:potato":17,"create:raw_zinc":137,"projectvibrantjourneys:oak_hollow_log":16,"projectvibrantjourneys:rocks":2,"minecraft:lapis_lazuli":98,"minecraft:dirt":16,"minecraft:leather_boots":1,"minecraft:bone":100,"minecraft:bow":18,"minecraft:wheat_seeds":35,"minecraft:raw_gold":28,"minecraft:diamond_helmet":1,"minecraft:oak_planks":147,"psg:raw_potassium":20,"minecraft:sand":8,"ecologics:coconut_husk":2,"minecraft:stripped_spruce_log":2,"sophisticatedbackpacks:iron_backpack":2,"minecraft:diamond_block":1,"minecraft:dark_oak_log":81,"minecraft:mossy_cobblestone":4,"alexsmobs:animal_dictionary":8,"minecraft:skeleton_spawn_egg":9,"minecraft:polished_andesite":6,"minecraft:spruce_fence_gate":1,"minecraft:diamond":40,"minecraft:golden_apple":43,"minecraft:bread":9,"minecraft:jack_o_lantern":2,"minecraft:oak_sapling":72,"minecraft:diamond_pickaxe":2,"minecraft:coarse_dirt":15,"minecraft:brown_mushroom":13,"toolbelt:pouch":2,"ecologics:seashell":1,"minecraft:wooden_pickaxe":7,"max_armory:diamond_machete":1,"minecraft:shield":6,"minecraft:moss_carpet":8,"minecraft:iron_axe":2,"minecraft:wooden_sword":2,"tacz:ammo":90,"projectvibrantjourneys:sandy_sprouts":1,"minecraft:sugar_cane":8,"minecraft:chest":1,"minecraft:birch_sapling":32,"minecraft:phantom_membrane":5,"minecraft:raw_copper_block":6,"minecraft:copper_ore":26,"minecraft:dark_oak_sapling":2,"minecraft:raw_iron":216,"minecraft:stone":59,"minecraft:copper_ingot":36,"projectvibrantjourneys:bark_mushroom":10,"sophisticatedbackpacks:backpack":2,"pointblank:gunmetal_nugget":555,"farmersdelight:tomato_seeds":8,"securitycraft:keycard_reader":1,"minecraft:redstone":321,"minecraft:arrow":141,"minecraft:diamond_chestplate":1,"minecraft:beetroot_seeds":22,"minecraft:diamond_boots":1,"k_turrets:raw_titanium":48,"minecraft:gold_ingot":1,"minecraft:mutton":6,"minetraps:razor_wire":2,"minecraft:white_wool":4,"minecraft:stripped_oak_log":1,"table_top_craft:chess_piece_figure":7,"minecraft:red_mushroom":3,"overworld_netherite_ore:ancientdebrispiece":7,"minecraft:oak_log":55,"minecraft:lily_pad":18,"k_turrets:titanium_ore":10,"minecraft:gunpowder":39,"projectvibrantjourneys:sea_oats":5,"minecraft:blue_bed":1,"minecraft:spawner":4,"minecraft:apple":8,"minecraft:creeper_spawn_egg":2,"minecraft:iron_ingot":25,"minecraft:cooked_chicken":1,"minecraft:iron_ore":4,"minecraft:mossy_stone_brick_wall":3,"minecraft:iron_sword":8,"sophisticatedbackpacks:diamond_backpack":1,"projectvibrantjourneys:light_brown_bark_mushroom":10,"pointblank:glock17":2,"minecraft:pumpkin":28,"minecraft:sweet_berries":39,"minecraft:gravel":10,"projectvibrantjourneys:bones":2,"minecraft:spruce_sapling":486,"minecraft:spruce_log":201,"minecraft:spider_eye":12,"minecraft:pumpkin_seeds":4,"minecraft:diamond_shovel":1,"minecraft:husk_spawn_egg":3,"minecraft:coal_ore":210,"tacz:modern_kinetic_gun":4,"minecraft:iron_helmet":6,"projectvibrantjourneys:orange_bark_mushroom":31,"minecraft:black_wool":1,"minecraft:coal":519,"minecraft:hopper":1,"minecraft:ender_pearl":1},"minecraft:crafted":{"minecraft:oak_planks":196,"k_turrets:titanium_ingot":25,"max_armory:diamond_long_sword":1,"minecraft:crafting_table":2,"minecraft:spruce_planks":770,"minecraft:wooden_pickaxe":1,"minecraft:copper_ingot":282,"minecraft:diamond_pickaxe":1,"minecraft:stick":22,"minecraft:iron_ingot":40,"minecraft:iron_pickaxe":1,"minecraft:iron_nugget":3,"minecraft:furnace":2,"minecraft:bone_meal":204,"minecraft:iron_axe":1,"max_armory:handle":1,"tacz:gun_smith_table":1,"minecraft:bucket":1,"minecraft:stone_axe":1,"minecraft:air":0,"minecraft:wooden_axe":1,"minecraft:torch":48},"minecraft:dropped":{"sophisticatedbackpacks:iron_backpack":1,"minecraft:brown_mushroom":4,"projectvibrantjourneys:orange_bark_mushroom":10,"minecraft:red_mushroom":1,"minecraft:cyan_terracotta":1,"minecraft:dirt":4,"toolbelt:pouch":2,"projectvibrantjourneys:bark_mushroom":1,"minecraft:bone":2,"minecraft:birch_sapling":1,"minecraft:mossy_stone_brick_wall":1,"ecologics:coconut_husk":4,"minecraft:arrow":30,"minecraft:water_bucket":1,"minecraft:wheat_seeds":6,"minecraft:cobblestone":13,"minecraft:coal":64,"projectvibrantjourneys:rocks":1,"tacz:modern_kinetic_gun":3,"max_armory:diamond_long_sword":3,"minecraft:spruce_sapling":2,"minecraft:smooth_stone_slab":2,"minecraft:spruce_planks":49,"minecraft:andesite":64,"minecraft:diamond_pickaxe":1,"tacz:ammo":12,"minecraft:bow":2,"securitycraft:keycard_reader":1},"minecraft:custom":{"minecraft:interact_with_crafting_table":23,"minecraft:open_barrel":10,"minecraft:leave_game":11,"minecraft:time_since_death":116859,"minecraft:sprint_one_cm":564543,"minecraft:damage_blocked_by_shield":461,"minecraft:drop":79,"minecraft:talked_to_villager":6,"minecraft:play_time":599614,"minecraft:deaths":10,"minecraft:jump":3492,"minecraft:walk_on_water_one_cm":289120,"minecraft:enchant_item":4,"minecraft:interact_with_furnace":12,"minecraft:sleep_in_bed":5,"minecraft:damage_dealt":34874,"minecraft:crouch_one_cm":33356,"minecraft:interact_with_smoker":1,"minecraft:mob_kills":237,"minecraft:inspect_hopper":5,"minecraft:damage_dealt_resisted":605,"minecraft:climb_one_cm":31228,"minecraft:walk_one_cm":1583761,"minecraft:damage_dealt_absorbed":71,"minecraft:sneak_time":13314,"minecraft:walk_under_water_one_cm":30206,"minecraft:boat_one_cm":27825,"minecraft:interact_with_blast_furnace":61,"minecraft:total_world_time":599614,"minecraft:time_since_rest":116912,"minecraft:damage_taken":4247,"minecraft:damage_absorbed":545,"minecraft:swim_one_cm":3686,"minecraft:fly_one_cm":801717,"minecraft:open_chest":231,"minecraft:fall_one_cm":44919},"minecraft:killed":{"minecraft:cave_spider":1,"minecraft:spider":6,"minecraft:skeleton":89,"alexsmobs:centipede_head":1,"minecraft:wolf":1,"alexsmobs:seal":1,"minecraft:creeper":61,"minecraft:zombie":37,"hordes:zombie_player":1,"minecraft:phantom":5,"minecraft:husk":16,"mutantmonsters:mutant_zombie":1},"minecraft:mined":{"create:deepslate_zinc_ore":16,"minecraft:spruce_planks":36,"minecraft:spawner":2,"comforts:sleeping_bag_white":4,"minecraft:iron_ore":36,"minecraft:cobbled_deepslate":3,"minecraft:pumpkin":11,"minecraft:moss_carpet":1,"minecraft:deepslate_lapis_ore":3,"minetraps:razor_wire":1,"minecraft:deepslate_redstone_ore":11,"minecraft:brown_mushroom":2,"minecraft:cyan_terracotta":1,"minecraft:torch":6,"projectvibrantjourneys:twigs":3,"minecraft:cobblestone":19,"minecraft:sugar_cane":4,"projectvibrantjourneys:fallen_leaves":3,"minecraft:oak_planks":9,"minecraft:wall_torch":5,"minecraft:deepslate_copper_ore":5,"minecraft:white_terracotta":3,"projectvibrantjourneys:light_brown_bark_mushroom":1,"farmersdelight:sandy_shrub":1,"minecraft:birch_log":23,"projectvibrantjourneys:bones":2,"minecraft:smooth_stone_slab":1,"minecraft:grass":3,"minecraft:oak_log":7,"projectvibrantjourneys:short_grass":15,"projectvibrantjourneys:pinecones":6,"minecraft:sand":8,"minecraft:dirt":15,"minecraft:raw_copper_block":1,"minecraft:oak_leaves":27,"minecraft:deepslate":41,"minecraft:tuff":1,"minecraft:mossy_cobblestone":4,"minecraft:deepslate_diamond_ore":4,"minecraft:jack_o_lantern":1,"projectvibrantjourneys:rocks":6,"psg:sulphur_ore":15,"minecraft:spruce_leaves":173,"minecraft:red_mushroom":1,"minecraft:large_fern":13,"minecraft:redstone_ore":6,"minecraft:andesite":99,"minecraft:deepslate_iron_ore":30,"minecraft:stone":148,"psg:potassium_ore":1,"psg:deepslate_sulphur_ore":14,"projectvibrantjourneys:mossy_rocks":2,"minecraft:stone_slab":2,"minecraft:tall_grass":3,"minecraft:copper_ore":98,"minecraft:deepslate_coal_ore":2,"minecraft:deepslate_gold_ore":2,"farmersdelight:wild_beetroots":7,"minecraft:spruce_log":121,"minecraft:birch_leaves":4,"k_turrets:titanium_ore":25,"minecraft:coal_ore":503,"overworld_netherite_ore:ancient_debris_ore":2,"minecraft:gravel":6,"minecraft:gold_ore":13,"projectvibrantjourneys:oak_hollow_log":8,"minecraft:fern":2}},"DataVersion":3465}